<Anims>
 <anim name="float_top" root="float_top" numframes="1100" framerate="40">
  <frame idx="0" w="158" h="275" x="0.000000" y="-50.000000">
   <element name="float_top" layername="float_top" frame="0" z_index="1" m_a="1.000000" m_b="0.000000" m_c="0.000000" m_d="1.000000" m_tx="0.000000" m_ty="-50.000000"/>
  </frame>
  <frame idx="25" w="158" h="275" x="0.000000" y="-50.000000">
   <element name="float_top" layername="float_top" frame="1" z_index="1" m_a="1.000000" m_b="0.000000" m_c="0.000000" m_d="1.000000" m_tx="0.000000" m_ty="-50.000000"/>
  </frame>
  <frame idx="50" w="158" h="275" x="0.000000" y="-50.000000">
   <element name="float_top" layername="float_top" frame="2" z_index="1" m_a="1.000000" m_b="0.000000" m_c="0.000000" m_d="1.000000" m_tx="0.000000" m_ty="-50.000000"/>
  </frame>
  <frame idx="75" w="158" h="275" x="0.000000" y="-50.000000">
   <element name="float_top" layername="float_top" frame="3" z_index="1" m_a="1.000000" m_b="0.000000" m_c="0.000000" m_d="1.000000" m_tx="0.000000" m_ty="-50.000000"/>
  </frame>
  <frame idx="100" w="158" h="275" x="0.000000" y="-50.000000">
   <element name="float_top" layername="float_top" frame="4" z_index="1" m_a="1.000000" m_b="0.000000" m_c="0.000000" m_d="1.000000" m_tx="0.000000" m_ty="-50.000000"/>
  </frame>
  <frame idx="125" w="158" h="275" x="0.000000" y="-50.000000">
   <element name="float_top" layername="float_top" frame="5" z_index="1" m_a="1.000000" m_b="0.000000" m_c="0.000000" m_d="1.000000" m_tx="0.000000" m_ty="-50.000000"/>
  </frame>
  <frame idx="150" w="158" h="275" x="0.000000" y="-50.000000">
   <element name="float_top" layername="float_top" frame="6" z_index="1" m_a="1.000000" m_b="0.000000" m_c="0.000000" m_d="1.000000" m_tx="0.000000" m_ty="-50.000000"/>
  </frame>
  <frame idx="175" w="158" h="275" x="0.000000" y="-50.000000">
   <element name="float_top" layername="float_top" frame="7" z_index="1" m_a="1.000000" m_b="0.000000" m_c="0.000000" m_d="1.000000" m_tx="0.000000" m_ty="-50.000000"/>
  </frame>
  <frame idx="200" w="158" h="275" x="0.000000" y="-50.000000">
   <element name="float_top" layername="float_top" frame="9" z_index="1" m_a="1.000000" m_b="0.000000" m_c="0.000000" m_d="1.000000" m_tx="0.000000" m_ty="-50.000000"/>
  </frame>
  <frame idx="225" w="158" h="275" x="0.000000" y="-50.000000">
   <element name="float_top" layername="float_top" frame="10" z_index="1" m_a="1.000000" m_b="0.000000" m_c="0.000000" m_d="1.000000" m_tx="0.000000" m_ty="-50.000000"/>
  </frame>
  <frame idx="250" w="158" h="275" x="0.000000" y="-50.000000">
   <element name="float_top" layername="float_top" frame="11" z_index="1" m_a="1.000000" m_b="0.000000" m_c="0.000000" m_d="1.000000" m_tx="0.000000" m_ty="-50.000000"/>
  </frame>
  <frame idx="275" w="158" h="275" x="0.000000" y="-50.000000">
   <element name="float_top" layername="float_top" frame="12" z_index="1" m_a="1.000000" m_b="0.000000" m_c="0.000000" m_d="1.000000" m_tx="0.000000" m_ty="-50.000000"/>
  </frame>
  <frame idx="300" w="158" h="275" x="0.000000" y="-50.000000">
   <element name="float_top" layername="float_top" frame="13" z_index="1" m_a="1.000000" m_b="0.000000" m_c="0.000000" m_d="1.000000" m_tx="0.000000" m_ty="-50.000000"/>
  </frame>
  <frame idx="325" w="158" h="275" x="0.000000" y="-50.000000">
   <element name="float_top" layername="float_top" frame="14" z_index="1" m_a="1.000000" m_b="0.000000" m_c="0.000000" m_d="1.000000" m_tx="0.000000" m_ty="-50.000000"/>
  </frame>
  <frame idx="350" w="158" h="275" x="0.000000" y="-50.000000">
   <element name="float_top" layername="float_top" frame="15" z_index="1" m_a="1.000000" m_b="0.000000" m_c="0.000000" m_d="1.000000" m_tx="0.000000" m_ty="-50.000000"/>
  </frame>
  <frame idx="375" w="158" h="275" x="0.000000" y="-50.000000">
   <element name="float_top" layername="float_top" frame="17" z_index="1" m_a="1.000000" m_b="0.000000" m_c="0.000000" m_d="1.000000" m_tx="0.000000" m_ty="-50.000000"/>
  </frame>
  <frame idx="400" w="158" h="275" x="0.000000" y="-50.000000">
   <element name="float_top" layername="float_top" frame="18" z_index="1" m_a="1.000000" m_b="0.000000" m_c="0.000000" m_d="1.000000" m_tx="0.000000" m_ty="-50.000000"/>
  </frame>
  <frame idx="425" w="158" h="275" x="0.000000" y="-50.000000">
   <element name="float_top" layername="float_top" frame="19" z_index="1" m_a="1.000000" m_b="0.000000" m_c="0.000000" m_d="1.000000" m_tx="0.000000" m_ty="-50.000000"/>
  </frame>
  <frame idx="450" w="158" h="275" x="0.000000" y="-50.000000">
   <element name="float_top" layername="float_top" frame="20" z_index="1" m_a="1.000000" m_b="0.000000" m_c="0.000000" m_d="1.000000" m_tx="0.000000" m_ty="-50.000000"/>
  </frame>
  <frame idx="475" w="158" h="275" x="0.000000" y="-50.000000">
   <element name="float_top" layername="float_top" frame="21" z_index="1" m_a="1.000000" m_b="0.000000" m_c="0.000000" m_d="1.000000" m_tx="0.000000" m_ty="-50.000000"/>
  </frame>
  <frame idx="500" w="158" h="275" x="0.000000" y="-50.000000">
   <element name="float_top" layername="float_top" frame="22" z_index="1" m_a="1.000000" m_b="0.000000" m_c="0.000000" m_d="1.000000" m_tx="0.000000" m_ty="-50.000000"/>
  </frame>
  <frame idx="525" w="158" h="275" x="0.000000" y="-50.000000">
   <element name="float_top" layername="float_top" frame="23" z_index="1" m_a="1.000000" m_b="0.000000" m_c="0.000000" m_d="1.000000" m_tx="0.000000" m_ty="-50.000000"/>
  </frame>
  <frame idx="550" w="158" h="275" x="0.000000" y="-50.000000">
   <element name="float_top" layername="float_top" frame="25" z_index="1" m_a="1.000000" m_b="0.000000" m_c="0.000000" m_d="1.000000" m_tx="0.000000" m_ty="-50.000000"/>
  </frame>
  <frame idx="575" w="158" h="275" x="0.000000" y="-50.000000">
   <element name="float_top" layername="float_top" frame="26" z_index="1" m_a="1.000000" m_b="0.000000" m_c="0.000000" m_d="1.000000" m_tx="0.000000" m_ty="-50.000000"/>
  </frame>
  <frame idx="600" w="158" h="275" x="0.000000" y="-50.000000">
   <element name="float_top" layername="float_top" frame="27" z_index="1" m_a="1.000000" m_b="0.000000" m_c="0.000000" m_d="1.000000" m_tx="0.000000" m_ty="-50.000000"/>
  </frame>
  <frame idx="625" w="158" h="275" x="0.000000" y="-50.000000">
   <element name="float_top" layername="float_top" frame="28" z_index="1" m_a="1.000000" m_b="0.000000" m_c="0.000000" m_d="1.000000" m_tx="0.000000" m_ty="-50.000000"/>
  </frame>
  <frame idx="650" w="158" h="275" x="0.000000" y="-50.000000">
   <element name="float_top" layername="float_top" frame="29" z_index="1" m_a="1.000000" m_b="0.000000" m_c="0.000000" m_d="1.000000" m_tx="0.000000" m_ty="-50.000000"/>
  </frame>
  <frame idx="675" w="158" h="275" x="0.000000" y="-50.000000">
   <element name="float_top" layername="float_top" frame="30" z_index="1" m_a="1.000000" m_b="0.000000" m_c="0.000000" m_d="1.000000" m_tx="0.000000" m_ty="-50.000000"/>
  </frame>
  <frame idx="700" w="158" h="275" x="0.000000" y="-50.000000">
   <element name="float_top" layername="float_top" frame="31" z_index="1" m_a="1.000000" m_b="0.000000" m_c="0.000000" m_d="1.000000" m_tx="0.000000" m_ty="-50.000000"/>
  </frame>
  <frame idx="725" w="158" h="275" x="0.000000" y="-50.000000">
   <element name="float_top" layername="float_top" frame="32" z_index="1" m_a="1.000000" m_b="0.000000" m_c="0.000000" m_d="1.000000" m_tx="0.000000" m_ty="-50.000000"/>
  </frame>
  <frame idx="750" w="158" h="275" x="0.000000" y="-50.000000">
   <element name="float_top" layername="float_top" frame="34" z_index="1" m_a="1.000000" m_b="0.000000" m_c="0.000000" m_d="1.000000" m_tx="0.000000" m_ty="-50.000000"/>
  </frame>
  <frame idx="775" w="158" h="275" x="0.000000" y="-50.000000">
   <element name="float_top" layername="float_top" frame="35" z_index="1" m_a="1.000000" m_b="0.000000" m_c="0.000000" m_d="1.000000" m_tx="0.000000" m_ty="-50.000000"/>
  </frame>
  <frame idx="800" w="158" h="275" x="0.000000" y="-50.000000">
   <element name="float_top" layername="float_top" frame="36" z_index="1" m_a="1.000000" m_b="0.000000" m_c="0.000000" m_d="1.000000" m_tx="0.000000" m_ty="-50.000000"/>
  </frame>
  <frame idx="825" w="158" h="275" x="0.000000" y="-50.000000">
   <element name="float_top" layername="float_top" frame="37" z_index="1" m_a="1.000000" m_b="0.000000" m_c="0.000000" m_d="1.000000" m_tx="0.000000" m_ty="-50.000000"/>
  </frame>
  <frame idx="850" w="158" h="275" x="0.000000" y="-50.000000">
   <element name="float_top" layername="float_top" frame="38" z_index="1" m_a="1.000000" m_b="0.000000" m_c="0.000000" m_d="1.000000" m_tx="0.000000" m_ty="-50.000000"/>
  </frame>
  <frame idx="875" w="158" h="275" x="0.000000" y="-50.000000">
   <element name="float_top" layername="float_top" frame="39" z_index="1" m_a="1.000000" m_b="0.000000" m_c="0.000000" m_d="1.000000" m_tx="0.000000" m_ty="-50.000000"/>
  </frame>
  <frame idx="900" w="158" h="275" x="0.000000" y="-50.000000">
   <element name="float_top" layername="float_top" frame="40" z_index="1" m_a="1.000000" m_b="0.000000" m_c="0.000000" m_d="1.000000" m_tx="0.000000" m_ty="-50.000000"/>
  </frame>
  <frame idx="925" w="158" h="275" x="0.000000" y="-50.000000">
   <element name="float_top" layername="float_top" frame="42" z_index="1" m_a="1.000000" m_b="0.000000" m_c="0.000000" m_d="1.000000" m_tx="0.000000" m_ty="-50.000000"/>
  </frame>
  <frame idx="950" w="158" h="275" x="0.000000" y="-50.000000">
   <element name="float_top" layername="float_top" frame="43" z_index="1" m_a="1.000000" m_b="0.000000" m_c="0.000000" m_d="1.000000" m_tx="0.000000" m_ty="-50.000000"/>
  </frame>
  <frame idx="975" w="158" h="275" x="0.000000" y="-50.000000">
   <element name="float_top" layername="float_top" frame="44" z_index="1" m_a="1.000000" m_b="0.000000" m_c="0.000000" m_d="1.000000" m_tx="0.000000" m_ty="-50.000000"/>
  </frame>
  <frame idx="1000" w="158" h="275" x="0.000000" y="-50.000000">
   <element name="float_top" layername="float_top" frame="45" z_index="1" m_a="1.000000" m_b="0.000000" m_c="0.000000" m_d="1.000000" m_tx="0.000000" m_ty="-50.000000"/>
  </frame>
  <frame idx="1025" w="158" h="275" x="0.000000" y="-50.000000">
   <element name="float_top" layername="float_top" frame="46" z_index="1" m_a="1.000000" m_b="0.000000" m_c="0.000000" m_d="1.000000" m_tx="0.000000" m_ty="-50.000000"/>
  </frame>
  <frame idx="1050" w="158" h="275" x="0.000000" y="-50.000000">
   <element name="float_top" layername="float_top" frame="47" z_index="1" m_a="1.000000" m_b="0.000000" m_c="0.000000" m_d="1.000000" m_tx="0.000000" m_ty="-50.000000"/>
  </frame>
  <frame idx="1075" w="158" h="275" x="0.000000" y="-50.000000">
   <element name="float_top" layername="float_top" frame="48" z_index="1" m_a="1.000000" m_b="0.000000" m_c="0.000000" m_d="1.000000" m_tx="0.000000" m_ty="-50.000000"/>
  </frame>
 </anim>
</Anims>
