<Anims>
 <anim name="idle" root="wilisha_lunarplant_seeds" numframes="1000" framerate="40">
  <frame idx="0" w="129" h="271" x="-2.920834" y="-66.620567">
   <element name="sehen" layername="sehen" frame="0" z_index="4" m_a="1.000000" m_b="0.000000" m_c="0.000000" m_d="1.000000" m_tx="0.079190" m_ty="6.130755"/>
   <element name="up" layername="up" frame="0" z_index="3" m_a="1.000000" m_b="0.000000" m_c="0.000000" m_d="1.000000" m_tx="-1.834862" m_ty="-36.238533"/>
   <element name="seed" layername="seed" frame="0" z_index="2" m_a="1.000000" m_b="0.000000" m_c="0.000000" m_d="1.000000" m_tx="-0.374532" m_ty="4.868914"/>
   <element name="seed" layername="seed" frame="1" z_index="1" m_a="1.000000" m_b="0.000000" m_c="0.000000" m_d="1.000000" m_tx="-0.374532" m_ty="-26.217228"/>
  </frame>
  <frame idx="25" w="129" h="271" x="-2.920834" y="-66.620567">
   <element name="sehen" layername="sehen" frame="0" z_index="4" m_a="1.000000" m_b="0.000000" m_c="0.000000" m_d="1.000000" m_tx="0.079190" m_ty="6.130755"/>
   <element name="up" layername="up" frame="0" z_index="3" m_a="1.000000" m_b="0.000000" m_c="0.000000" m_d="1.000000" m_tx="-1.834862" m_ty="-36.238533"/>
   <element name="seed" layername="seed" frame="0" z_index="2" m_a="1.000000" m_b="0.000000" m_c="0.000000" m_d="1.000000" m_tx="-0.374532" m_ty="4.868914"/>
   <element name="seed" layername="seed" frame="1" z_index="1" m_a="1.000000" m_b="0.000000" m_c="0.000000" m_d="1.000000" m_tx="-0.374532" m_ty="-26.217228"/>
  </frame>
  <frame idx="50" w="129" h="271" x="-2.920834" y="-66.620567">
   <element name="sehen" layername="sehen" frame="0" z_index="4" m_a="1.000000" m_b="0.000000" m_c="0.000000" m_d="1.000000" m_tx="0.079190" m_ty="6.130755"/>
   <element name="up" layername="up" frame="1" z_index="3" m_a="1.000000" m_b="0.000000" m_c="0.000000" m_d="1.000000" m_tx="-1.834862" m_ty="-36.238533"/>
   <element name="seed" layername="seed" frame="0" z_index="2" m_a="1.000000" m_b="0.000000" m_c="0.000000" m_d="1.000000" m_tx="-0.374532" m_ty="4.868914"/>
   <element name="seed" layername="seed" frame="1" z_index="1" m_a="1.000000" m_b="0.000000" m_c="0.000000" m_d="1.000000" m_tx="-0.374532" m_ty="-26.217228"/>
  </frame>
  <frame idx="75" w="129" h="270" x="-2.920834" y="-66.052658">
   <element name="sehen" layername="sehen" frame="0" z_index="4" m_a="1.000000" m_b="0.000000" m_c="0.000000" m_d="1.000000" m_tx="0.079190" m_ty="6.130755"/>
   <element name="up" layername="up" frame="2" z_index="3" m_a="1.000000" m_b="0.000000" m_c="0.000000" m_d="1.000000" m_tx="-1.544649" m_ty="-35.102715"/>
   <element name="seed" layername="seed" frame="0" z_index="2" m_a="1.000000" m_b="0.000000" m_c="0.000000" m_d="1.000000" m_tx="-0.374532" m_ty="4.868914"/>
   <element name="seed" layername="seed" frame="1" z_index="1" m_a="1.000000" m_b="0.000000" m_c="0.000000" m_d="1.000000" m_tx="-0.374532" m_ty="-26.217228"/>
  </frame>
  <frame idx="100" w="129" h="274" x="-2.920834" y="-67.394745">
   <element name="sehen" layername="sehen" frame="0" z_index="4" m_a="1.000000" m_b="0.000000" m_c="0.000000" m_d="1.000000" m_tx="0.079190" m_ty="6.130755"/>
   <element name="up" layername="up" frame="3" z_index="3" m_a="1.000000" m_b="0.000000" m_c="0.000000" m_d="1.000000" m_tx="-1.436230" m_ty="-34.627872"/>
   <element name="seed" layername="seed" frame="0" z_index="2" m_a="1.000000" m_b="0.000000" m_c="0.000000" m_d="1.000000" m_tx="-0.374532" m_ty="4.868914"/>
   <element name="seed" layername="seed" frame="1" z_index="1" m_a="1.000000" m_b="0.000000" m_c="0.000000" m_d="1.000000" m_tx="-0.374532" m_ty="-26.217228"/>
  </frame>
  <frame idx="125" w="129" h="274" x="-2.920834" y="-67.394745">
   <element name="sehen" layername="sehen" frame="0" z_index="4" m_a="1.000000" m_b="0.000000" m_c="0.000000" m_d="1.000000" m_tx="0.079190" m_ty="6.130755"/>
   <element name="up" layername="up" frame="4" z_index="3" m_a="1.000000" m_b="0.000000" m_c="0.000000" m_d="1.000000" m_tx="-1.436230" m_ty="-34.627872"/>
   <element name="seed" layername="seed" frame="0" z_index="2" m_a="1.000000" m_b="0.000000" m_c="0.000000" m_d="1.000000" m_tx="-0.374532" m_ty="4.868914"/>
   <element name="seed" layername="seed" frame="1" z_index="1" m_a="1.000000" m_b="0.000000" m_c="0.000000" m_d="1.000000" m_tx="-0.374532" m_ty="-26.217228"/>
  </frame>
  <frame idx="150" w="129" h="272" x="-2.920834" y="-66.952652">
   <element name="sehen" layername="sehen" frame="0" z_index="4" m_a="1.000000" m_b="0.000000" m_c="0.000000" m_d="1.000000" m_tx="0.079190" m_ty="6.130755"/>
   <element name="up" layername="up" frame="5" z_index="3" m_a="1.000000" m_b="0.000000" m_c="0.000000" m_d="1.000000" m_tx="-1.058397" m_ty="-33.743671"/>
   <element name="seed" layername="seed" frame="0" z_index="2" m_a="1.000000" m_b="0.000000" m_c="0.000000" m_d="1.000000" m_tx="-0.374532" m_ty="4.868914"/>
   <element name="seed" layername="seed" frame="1" z_index="1" m_a="1.000000" m_b="0.000000" m_c="0.000000" m_d="1.000000" m_tx="-0.374532" m_ty="-26.217228"/>
  </frame>
  <frame idx="175" w="129" h="275" x="-2.920834" y="-67.781845">
   <element name="sehen" layername="sehen" frame="0" z_index="4" m_a="1.000000" m_b="0.000000" m_c="0.000000" m_d="1.000000" m_tx="0.079190" m_ty="6.130755"/>
   <element name="up" layername="up" frame="6" z_index="3" m_a="1.000000" m_b="0.000000" m_c="0.000000" m_d="1.000000" m_tx="-0.591549" m_ty="-32.541332"/>
   <element name="seed" layername="seed" frame="0" z_index="2" m_a="1.000000" m_b="0.000000" m_c="0.000000" m_d="1.000000" m_tx="-0.374532" m_ty="4.868914"/>
   <element name="seed" layername="seed" frame="1" z_index="1" m_a="1.000000" m_b="0.000000" m_c="0.000000" m_d="1.000000" m_tx="-0.374532" m_ty="-26.217228"/>
  </frame>
  <frame idx="200" w="129" h="275" x="-2.920834" y="-67.781845">
   <element name="sehen" layername="sehen" frame="0" z_index="4" m_a="1.000000" m_b="0.000000" m_c="0.000000" m_d="1.000000" m_tx="0.079190" m_ty="6.130755"/>
   <element name="up" layername="up" frame="7" z_index="3" m_a="1.000000" m_b="0.000000" m_c="0.000000" m_d="1.000000" m_tx="-0.591549" m_ty="-32.541332"/>
   <element name="seed" layername="seed" frame="0" z_index="2" m_a="1.000000" m_b="0.000000" m_c="0.000000" m_d="1.000000" m_tx="-0.374532" m_ty="4.868914"/>
   <element name="seed" layername="seed" frame="1" z_index="1" m_a="1.000000" m_b="0.000000" m_c="0.000000" m_d="1.000000" m_tx="-0.374532" m_ty="-26.217228"/>
  </frame>
  <frame idx="225" w="129" h="275" x="-2.920834" y="-67.736763">
   <element name="sehen" layername="sehen" frame="0" z_index="4" m_a="1.000000" m_b="0.000000" m_c="0.000000" m_d="1.000000" m_tx="0.079190" m_ty="6.130755"/>
   <element name="up" layername="up" frame="8" z_index="3" m_a="1.000000" m_b="0.000000" m_c="0.000000" m_d="1.000000" m_tx="-0.653545" m_ty="-32.451172"/>
   <element name="seed" layername="seed" frame="0" z_index="2" m_a="1.000000" m_b="0.000000" m_c="0.000000" m_d="1.000000" m_tx="-0.374532" m_ty="4.868914"/>
   <element name="seed" layername="seed" frame="1" z_index="1" m_a="1.000000" m_b="0.000000" m_c="0.000000" m_d="1.000000" m_tx="-0.374532" m_ty="-26.217228"/>
  </frame>
  <frame idx="250" w="129" h="278" x="-2.920834" y="-68.556023">
   <element name="sehen" layername="sehen" frame="0" z_index="4" m_a="1.000000" m_b="0.000000" m_c="0.000000" m_d="1.000000" m_tx="0.079190" m_ty="6.130755"/>
   <element name="up" layername="up" frame="9" z_index="3" m_a="1.000000" m_b="0.000000" m_c="0.000000" m_d="1.000000" m_tx="-1.203085" m_ty="-31.642374"/>
   <element name="seed" layername="seed" frame="0" z_index="2" m_a="1.000000" m_b="0.000000" m_c="0.000000" m_d="1.000000" m_tx="-0.374532" m_ty="4.868914"/>
   <element name="seed" layername="seed" frame="1" z_index="1" m_a="1.000000" m_b="0.000000" m_c="0.000000" m_d="1.000000" m_tx="-0.374532" m_ty="-26.217228"/>
  </frame>
  <frame idx="275" w="129" h="278" x="-2.920834" y="-68.556023">
   <element name="sehen" layername="sehen" frame="0" z_index="4" m_a="1.000000" m_b="0.000000" m_c="0.000000" m_d="1.000000" m_tx="0.079190" m_ty="6.130755"/>
   <element name="up" layername="up" frame="9" z_index="3" m_a="1.000000" m_b="0.000000" m_c="0.000000" m_d="1.000000" m_tx="-1.203085" m_ty="-31.642374"/>
   <element name="seed" layername="seed" frame="0" z_index="2" m_a="1.000000" m_b="0.000000" m_c="0.000000" m_d="1.000000" m_tx="-0.374532" m_ty="4.868914"/>
   <element name="seed" layername="seed" frame="1" z_index="1" m_a="1.000000" m_b="0.000000" m_c="0.000000" m_d="1.000000" m_tx="-0.374532" m_ty="-26.217228"/>
  </frame>
  <frame idx="300" w="129" h="278" x="-2.920834" y="-68.556023">
   <element name="sehen" layername="sehen" frame="0" z_index="4" m_a="1.000000" m_b="0.000000" m_c="0.000000" m_d="1.000000" m_tx="0.079190" m_ty="6.130755"/>
   <element name="up" layername="up" frame="10" z_index="3" m_a="1.000000" m_b="0.000000" m_c="0.000000" m_d="1.000000" m_tx="-1.203085" m_ty="-31.642374"/>
   <element name="seed" layername="seed" frame="0" z_index="2" m_a="1.000000" m_b="0.000000" m_c="0.000000" m_d="1.000000" m_tx="-0.374532" m_ty="4.868914"/>
   <element name="seed" layername="seed" frame="1" z_index="1" m_a="1.000000" m_b="0.000000" m_c="0.000000" m_d="1.000000" m_tx="-0.374532" m_ty="-26.217228"/>
  </frame>
  <frame idx="325" w="129" h="282" x="-2.920834" y="-69.863571">
   <element name="sehen" layername="sehen" frame="0" z_index="4" m_a="1.000000" m_b="0.000000" m_c="0.000000" m_d="1.000000" m_tx="0.079190" m_ty="6.130755"/>
   <element name="up" layername="up" frame="11" z_index="3" m_a="1.000000" m_b="0.000000" m_c="0.000000" m_d="1.000000" m_tx="-2.844961" m_ty="-34.257458"/>
   <element name="seed" layername="seed" frame="0" z_index="2" m_a="1.000000" m_b="0.000000" m_c="0.000000" m_d="1.000000" m_tx="-0.374532" m_ty="4.868914"/>
   <element name="seed" layername="seed" frame="1" z_index="1" m_a="1.000000" m_b="0.000000" m_c="0.000000" m_d="1.000000" m_tx="-0.374532" m_ty="-26.217228"/>
  </frame>
  <frame idx="350" w="129" h="268" x="-2.920834" y="-65.459297">
   <element name="sehen" layername="sehen" frame="0" z_index="4" m_a="1.000000" m_b="0.000000" m_c="0.000000" m_d="1.000000" m_tx="0.079190" m_ty="6.130755"/>
   <element name="up" layername="up" frame="12" z_index="3" m_a="1.000000" m_b="0.000000" m_c="0.000000" m_d="1.000000" m_tx="-3.519074" m_ty="-35.350246"/>
   <element name="seed" layername="seed" frame="0" z_index="2" m_a="1.000000" m_b="0.000000" m_c="0.000000" m_d="1.000000" m_tx="-0.374532" m_ty="4.868914"/>
   <element name="seed" layername="seed" frame="1" z_index="1" m_a="1.000000" m_b="0.000000" m_c="0.000000" m_d="1.000000" m_tx="-0.374532" m_ty="-26.217228"/>
  </frame>
  <frame idx="375" w="129" h="268" x="-2.920834" y="-65.459297">
   <element name="sehen" layername="sehen" frame="0" z_index="4" m_a="1.000000" m_b="0.000000" m_c="0.000000" m_d="1.000000" m_tx="0.079190" m_ty="6.130755"/>
   <element name="up" layername="up" frame="13" z_index="3" m_a="1.000000" m_b="0.000000" m_c="0.000000" m_d="1.000000" m_tx="-3.519074" m_ty="-35.350246"/>
   <element name="seed" layername="seed" frame="0" z_index="2" m_a="1.000000" m_b="0.000000" m_c="0.000000" m_d="1.000000" m_tx="-0.374532" m_ty="4.868914"/>
   <element name="seed" layername="seed" frame="1" z_index="1" m_a="1.000000" m_b="0.000000" m_c="0.000000" m_d="1.000000" m_tx="-0.374532" m_ty="-26.217228"/>
  </frame>
  <frame idx="400" w="129" h="268" x="-2.920834" y="-65.621277">
   <element name="sehen" layername="sehen" frame="0" z_index="4" m_a="1.000000" m_b="0.000000" m_c="0.000000" m_d="1.000000" m_tx="0.079190" m_ty="6.130755"/>
   <element name="up" layername="up" frame="14" z_index="3" m_a="1.000000" m_b="0.000000" m_c="0.000000" m_d="1.000000" m_tx="-2.461788" m_ty="-35.674202"/>
   <element name="seed" layername="seed" frame="0" z_index="2" m_a="1.000000" m_b="0.000000" m_c="0.000000" m_d="1.000000" m_tx="-0.374532" m_ty="4.868914"/>
   <element name="seed" layername="seed" frame="1" z_index="1" m_a="1.000000" m_b="0.000000" m_c="0.000000" m_d="1.000000" m_tx="-0.374532" m_ty="-26.217228"/>
  </frame>
  <frame idx="425" w="129" h="274" x="-2.920834" y="-67.394753">
   <element name="sehen" layername="sehen" frame="0" z_index="4" m_a="1.000000" m_b="0.000000" m_c="0.000000" m_d="1.000000" m_tx="0.079190" m_ty="6.130755"/>
   <element name="up" layername="up" frame="15" z_index="3" m_a="1.000000" m_b="0.000000" m_c="0.000000" m_d="1.000000" m_tx="-0.979443" m_ty="-36.101788"/>
   <element name="seed" layername="seed" frame="0" z_index="2" m_a="1.000000" m_b="0.000000" m_c="0.000000" m_d="1.000000" m_tx="-0.374532" m_ty="4.868914"/>
   <element name="seed" layername="seed" frame="1" z_index="1" m_a="1.000000" m_b="0.000000" m_c="0.000000" m_d="1.000000" m_tx="-0.374532" m_ty="-26.217228"/>
  </frame>
  <frame idx="450" w="129" h="274" x="-2.920834" y="-67.394753">
   <element name="sehen" layername="sehen" frame="0" z_index="4" m_a="1.000000" m_b="0.000000" m_c="0.000000" m_d="1.000000" m_tx="0.079190" m_ty="6.130755"/>
   <element name="up" layername="up" frame="16" z_index="3" m_a="1.000000" m_b="0.000000" m_c="0.000000" m_d="1.000000" m_tx="-0.979443" m_ty="-36.101788"/>
   <element name="seed" layername="seed" frame="0" z_index="2" m_a="1.000000" m_b="0.000000" m_c="0.000000" m_d="1.000000" m_tx="-0.374532" m_ty="4.868914"/>
   <element name="seed" layername="seed" frame="1" z_index="1" m_a="1.000000" m_b="0.000000" m_c="0.000000" m_d="1.000000" m_tx="-0.374532" m_ty="-26.217228"/>
  </frame>
  <frame idx="475" w="129" h="274" x="-2.920834" y="-67.541718">
   <element name="sehen" layername="sehen" frame="0" z_index="4" m_a="1.000000" m_b="0.000000" m_c="0.000000" m_d="1.000000" m_tx="0.079190" m_ty="6.130755"/>
   <element name="up" layername="up" frame="17" z_index="3" m_a="1.000000" m_b="0.000000" m_c="0.000000" m_d="1.000000" m_tx="-1.106109" m_ty="-36.395725"/>
   <element name="seed" layername="seed" frame="0" z_index="2" m_a="1.000000" m_b="0.000000" m_c="0.000000" m_d="1.000000" m_tx="-0.374532" m_ty="4.868914"/>
   <element name="seed" layername="seed" frame="1" z_index="1" m_a="1.000000" m_b="0.000000" m_c="0.000000" m_d="1.000000" m_tx="-0.374532" m_ty="-26.217228"/>
  </frame>
  <frame idx="500" w="129" h="269" x="-2.920834" y="-65.846390">
   <element name="sehen" layername="sehen" frame="0" z_index="4" m_a="1.000000" m_b="0.000000" m_c="0.000000" m_d="1.000000" m_tx="0.079190" m_ty="6.130755"/>
   <element name="up" layername="up" frame="18" z_index="3" m_a="1.000000" m_b="0.000000" m_c="0.000000" m_d="1.000000" m_tx="-2.152410" m_ty="-38.778793"/>
   <element name="seed" layername="seed" frame="0" z_index="2" m_a="1.000000" m_b="0.000000" m_c="0.000000" m_d="1.000000" m_tx="-0.374532" m_ty="4.868914"/>
   <element name="seed" layername="seed" frame="1" z_index="1" m_a="1.000000" m_b="0.000000" m_c="0.000000" m_d="1.000000" m_tx="-0.374532" m_ty="-26.217228"/>
  </frame>
  <frame idx="525" w="129" h="269" x="-2.920834" y="-65.846390">
   <element name="sehen" layername="sehen" frame="0" z_index="4" m_a="1.000000" m_b="0.000000" m_c="0.000000" m_d="1.000000" m_tx="0.079190" m_ty="6.130755"/>
   <element name="up" layername="up" frame="18" z_index="3" m_a="1.000000" m_b="0.000000" m_c="0.000000" m_d="1.000000" m_tx="-2.152410" m_ty="-38.778793"/>
   <element name="seed" layername="seed" frame="0" z_index="2" m_a="1.000000" m_b="0.000000" m_c="0.000000" m_d="1.000000" m_tx="-0.374532" m_ty="4.868914"/>
   <element name="seed" layername="seed" frame="1" z_index="1" m_a="1.000000" m_b="0.000000" m_c="0.000000" m_d="1.000000" m_tx="-0.374532" m_ty="-26.217228"/>
  </frame>
  <frame idx="550" w="129" h="269" x="-2.920834" y="-65.846390">
   <element name="sehen" layername="sehen" frame="0" z_index="4" m_a="1.000000" m_b="0.000000" m_c="0.000000" m_d="1.000000" m_tx="0.079190" m_ty="6.130755"/>
   <element name="up" layername="up" frame="19" z_index="3" m_a="1.000000" m_b="0.000000" m_c="0.000000" m_d="1.000000" m_tx="-2.152410" m_ty="-38.778793"/>
   <element name="seed" layername="seed" frame="0" z_index="2" m_a="1.000000" m_b="0.000000" m_c="0.000000" m_d="1.000000" m_tx="-0.374532" m_ty="4.868914"/>
   <element name="seed" layername="seed" frame="1" z_index="1" m_a="1.000000" m_b="0.000000" m_c="0.000000" m_d="1.000000" m_tx="-0.374532" m_ty="-26.217228"/>
  </frame>
  <frame idx="575" w="129" h="268" x="-2.920834" y="-65.569183">
   <element name="sehen" layername="sehen" frame="0" z_index="4" m_a="1.000000" m_b="0.000000" m_c="0.000000" m_d="1.000000" m_tx="0.079190" m_ty="6.130755"/>
   <element name="up" layername="up" frame="20" z_index="3" m_a="1.000000" m_b="0.000000" m_c="0.000000" m_d="1.000000" m_tx="-3.538935" m_ty="-38.224388"/>
   <element name="seed" layername="seed" frame="0" z_index="2" m_a="1.000000" m_b="0.000000" m_c="0.000000" m_d="1.000000" m_tx="-0.374532" m_ty="4.868914"/>
   <element name="seed" layername="seed" frame="1" z_index="1" m_a="1.000000" m_b="0.000000" m_c="0.000000" m_d="1.000000" m_tx="-0.374532" m_ty="-26.217228"/>
  </frame>
  <frame idx="600" w="129" h="270" x="-2.920834" y="-66.233482">
   <element name="sehen" layername="sehen" frame="0" z_index="4" m_a="1.000000" m_b="0.000000" m_c="0.000000" m_d="1.000000" m_tx="0.079190" m_ty="6.130755"/>
   <element name="up" layername="up" frame="21" z_index="3" m_a="1.000000" m_b="0.000000" m_c="0.000000" m_d="1.000000" m_tx="-4.027759" m_ty="-38.014156"/>
   <element name="seed" layername="seed" frame="0" z_index="2" m_a="1.000000" m_b="0.000000" m_c="0.000000" m_d="1.000000" m_tx="-0.374532" m_ty="4.868914"/>
   <element name="seed" layername="seed" frame="1" z_index="1" m_a="1.000000" m_b="0.000000" m_c="0.000000" m_d="1.000000" m_tx="-0.374532" m_ty="-26.217228"/>
  </frame>
  <frame idx="625" w="129" h="270" x="-2.920834" y="-66.233482">
   <element name="sehen" layername="sehen" frame="0" z_index="4" m_a="1.000000" m_b="0.000000" m_c="0.000000" m_d="1.000000" m_tx="0.079190" m_ty="6.130755"/>
   <element name="up" layername="up" frame="22" z_index="3" m_a="1.000000" m_b="0.000000" m_c="0.000000" m_d="1.000000" m_tx="-4.027759" m_ty="-38.014156"/>
   <element name="seed" layername="seed" frame="0" z_index="2" m_a="1.000000" m_b="0.000000" m_c="0.000000" m_d="1.000000" m_tx="-0.374532" m_ty="4.868914"/>
   <element name="seed" layername="seed" frame="1" z_index="1" m_a="1.000000" m_b="0.000000" m_c="0.000000" m_d="1.000000" m_tx="-0.374532" m_ty="-26.217228"/>
  </frame>
  <frame idx="650" w="129" h="272" x="-2.920834" y="-66.853546">
   <element name="sehen" layername="sehen" frame="0" z_index="4" m_a="1.000000" m_b="0.000000" m_c="0.000000" m_d="1.000000" m_tx="0.079190" m_ty="6.130755"/>
   <element name="up" layername="up" frame="23" z_index="3" m_a="1.000000" m_b="0.000000" m_c="0.000000" m_d="1.000000" m_tx="-4.102332" m_ty="-39.254295"/>
   <element name="seed" layername="seed" frame="0" z_index="2" m_a="1.000000" m_b="0.000000" m_c="0.000000" m_d="1.000000" m_tx="-0.374532" m_ty="4.868914"/>
   <element name="seed" layername="seed" frame="1" z_index="1" m_a="1.000000" m_b="0.000000" m_c="0.000000" m_d="1.000000" m_tx="-0.374532" m_ty="-26.217228"/>
  </frame>
  <frame idx="675" w="129" h="255" x="-2.920834" y="-61.588387">
   <element name="sehen" layername="sehen" frame="0" z_index="4" m_a="1.000000" m_b="0.000000" m_c="0.000000" m_d="1.000000" m_tx="0.079190" m_ty="6.130755"/>
   <element name="up" layername="up" frame="24" z_index="3" m_a="1.000000" m_b="0.000000" m_c="0.000000" m_d="1.000000" m_tx="-4.130755" m_ty="-40.543972"/>
   <element name="seed" layername="seed" frame="0" z_index="2" m_a="1.000000" m_b="0.000000" m_c="0.000000" m_d="1.000000" m_tx="-0.374532" m_ty="4.868914"/>
   <element name="seed" layername="seed" frame="1" z_index="1" m_a="1.000000" m_b="0.000000" m_c="0.000000" m_d="1.000000" m_tx="-0.374532" m_ty="-26.217228"/>
  </frame>
  <frame idx="700" w="129" h="255" x="-2.920834" y="-61.588387">
   <element name="sehen" layername="sehen" frame="0" z_index="4" m_a="1.000000" m_b="0.000000" m_c="0.000000" m_d="1.000000" m_tx="0.079190" m_ty="6.130755"/>
   <element name="up" layername="up" frame="25" z_index="3" m_a="1.000000" m_b="0.000000" m_c="0.000000" m_d="1.000000" m_tx="-4.130755" m_ty="-40.543972"/>
   <element name="seed" layername="seed" frame="0" z_index="2" m_a="1.000000" m_b="0.000000" m_c="0.000000" m_d="1.000000" m_tx="-0.374532" m_ty="4.868914"/>
   <element name="seed" layername="seed" frame="1" z_index="1" m_a="1.000000" m_b="0.000000" m_c="0.000000" m_d="1.000000" m_tx="-0.374532" m_ty="-26.217228"/>
  </frame>
  <frame idx="725" w="129" h="255" x="-2.920834" y="-61.577354">
   <element name="sehen" layername="sehen" frame="0" z_index="4" m_a="1.000000" m_b="0.000000" m_c="0.000000" m_d="1.000000" m_tx="0.079190" m_ty="6.130755"/>
   <element name="up" layername="up" frame="26" z_index="3" m_a="1.000000" m_b="0.000000" m_c="0.000000" m_d="1.000000" m_tx="-3.947935" m_ty="-40.521912"/>
   <element name="seed" layername="seed" frame="0" z_index="2" m_a="1.000000" m_b="0.000000" m_c="0.000000" m_d="1.000000" m_tx="-0.374532" m_ty="4.868914"/>
   <element name="seed" layername="seed" frame="1" z_index="1" m_a="1.000000" m_b="0.000000" m_c="0.000000" m_d="1.000000" m_tx="-0.374532" m_ty="-26.217228"/>
  </frame>
  <frame idx="750" w="129" h="261" x="-2.920834" y="-63.523842">
   <element name="sehen" layername="sehen" frame="0" z_index="4" m_a="1.000000" m_b="0.000000" m_c="0.000000" m_d="1.000000" m_tx="0.079190" m_ty="6.130755"/>
   <element name="up" layername="up" frame="27" z_index="3" m_a="1.000000" m_b="0.000000" m_c="0.000000" m_d="1.000000" m_tx="-2.442662" m_ty="-40.482422"/>
   <element name="seed" layername="seed" frame="0" z_index="2" m_a="1.000000" m_b="0.000000" m_c="0.000000" m_d="1.000000" m_tx="-0.374532" m_ty="4.868914"/>
   <element name="seed" layername="seed" frame="1" z_index="1" m_a="1.000000" m_b="0.000000" m_c="0.000000" m_d="1.000000" m_tx="-0.374532" m_ty="-26.217228"/>
  </frame>
  <frame idx="775" w="129" h="261" x="-2.920834" y="-63.523842">
   <element name="sehen" layername="sehen" frame="0" z_index="4" m_a="1.000000" m_b="0.000000" m_c="0.000000" m_d="1.000000" m_tx="0.079190" m_ty="6.130755"/>
   <element name="up" layername="up" frame="27" z_index="3" m_a="1.000000" m_b="0.000000" m_c="0.000000" m_d="1.000000" m_tx="-2.442662" m_ty="-40.482422"/>
   <element name="seed" layername="seed" frame="0" z_index="2" m_a="1.000000" m_b="0.000000" m_c="0.000000" m_d="1.000000" m_tx="-0.374532" m_ty="4.868914"/>
   <element name="seed" layername="seed" frame="1" z_index="1" m_a="1.000000" m_b="0.000000" m_c="0.000000" m_d="1.000000" m_tx="-0.374532" m_ty="-26.217228"/>
  </frame>
  <frame idx="800" w="129" h="261" x="-2.920834" y="-63.523842">
   <element name="sehen" layername="sehen" frame="0" z_index="4" m_a="1.000000" m_b="0.000000" m_c="0.000000" m_d="1.000000" m_tx="0.079190" m_ty="6.130755"/>
   <element name="up" layername="up" frame="28" z_index="3" m_a="1.000000" m_b="0.000000" m_c="0.000000" m_d="1.000000" m_tx="-2.442662" m_ty="-40.482422"/>
   <element name="seed" layername="seed" frame="0" z_index="2" m_a="1.000000" m_b="0.000000" m_c="0.000000" m_d="1.000000" m_tx="-0.374532" m_ty="4.868914"/>
   <element name="seed" layername="seed" frame="1" z_index="1" m_a="1.000000" m_b="0.000000" m_c="0.000000" m_d="1.000000" m_tx="-0.374532" m_ty="-26.217228"/>
  </frame>
  <frame idx="825" w="129" h="259" x="-2.920834" y="-62.978157">
   <element name="sehen" layername="sehen" frame="0" z_index="4" m_a="1.000000" m_b="0.000000" m_c="0.000000" m_d="1.000000" m_tx="0.079190" m_ty="6.130755"/>
   <element name="up" layername="up" frame="29" z_index="3" m_a="1.000000" m_b="0.000000" m_c="0.000000" m_d="1.000000" m_tx="-2.897161" m_ty="-39.391052"/>
   <element name="seed" layername="seed" frame="0" z_index="2" m_a="1.000000" m_b="0.000000" m_c="0.000000" m_d="1.000000" m_tx="-0.374532" m_ty="4.868914"/>
   <element name="seed" layername="seed" frame="1" z_index="1" m_a="1.000000" m_b="0.000000" m_c="0.000000" m_d="1.000000" m_tx="-0.374532" m_ty="-26.217228"/>
  </frame>
  <frame idx="850" w="129" h="266" x="-2.920834" y="-64.685112">
   <element name="sehen" layername="sehen" frame="0" z_index="4" m_a="1.000000" m_b="0.000000" m_c="0.000000" m_d="1.000000" m_tx="0.079190" m_ty="6.130755"/>
   <element name="up" layername="up" frame="30" z_index="3" m_a="1.000000" m_b="0.000000" m_c="0.000000" m_d="1.000000" m_tx="-3.078960" m_ty="-39.009933"/>
   <element name="seed" layername="seed" frame="0" z_index="2" m_a="1.000000" m_b="0.000000" m_c="0.000000" m_d="1.000000" m_tx="-0.374532" m_ty="4.868914"/>
   <element name="seed" layername="seed" frame="1" z_index="1" m_a="1.000000" m_b="0.000000" m_c="0.000000" m_d="1.000000" m_tx="-0.374532" m_ty="-26.217228"/>
  </frame>
  <frame idx="875" w="129" h="266" x="-2.920834" y="-64.685112">
   <element name="sehen" layername="sehen" frame="0" z_index="4" m_a="1.000000" m_b="0.000000" m_c="0.000000" m_d="1.000000" m_tx="0.079190" m_ty="6.130755"/>
   <element name="up" layername="up" frame="31" z_index="3" m_a="1.000000" m_b="0.000000" m_c="0.000000" m_d="1.000000" m_tx="-3.078960" m_ty="-39.009933"/>
   <element name="seed" layername="seed" frame="0" z_index="2" m_a="1.000000" m_b="0.000000" m_c="0.000000" m_d="1.000000" m_tx="-0.374532" m_ty="4.868914"/>
   <element name="seed" layername="seed" frame="1" z_index="1" m_a="1.000000" m_b="0.000000" m_c="0.000000" m_d="1.000000" m_tx="-0.374532" m_ty="-26.217228"/>
  </frame>
  <frame idx="900" w="129" h="264" x="-2.920834" y="-64.510834">
   <element name="sehen" layername="sehen" frame="0" z_index="4" m_a="1.000000" m_b="0.000000" m_c="0.000000" m_d="1.000000" m_tx="0.079190" m_ty="6.130755"/>
   <element name="up" layername="up" frame="32" z_index="3" m_a="1.000000" m_b="0.000000" m_c="0.000000" m_d="1.000000" m_tx="-2.841789" m_ty="-38.661377"/>
   <element name="seed" layername="seed" frame="0" z_index="2" m_a="1.000000" m_b="0.000000" m_c="0.000000" m_d="1.000000" m_tx="-0.374532" m_ty="4.868914"/>
   <element name="seed" layername="seed" frame="1" z_index="1" m_a="1.000000" m_b="0.000000" m_c="0.000000" m_d="1.000000" m_tx="-0.374532" m_ty="-26.217228"/>
  </frame>
  <frame idx="925" w="129" h="268" x="-2.920834" y="-65.459297">
   <element name="sehen" layername="sehen" frame="0" z_index="4" m_a="1.000000" m_b="0.000000" m_c="0.000000" m_d="1.000000" m_tx="0.079190" m_ty="6.130755"/>
   <element name="up" layername="up" frame="33" z_index="3" m_a="1.000000" m_b="0.000000" m_c="0.000000" m_d="1.000000" m_tx="-2.553189" m_ty="-38.222744"/>
   <element name="seed" layername="seed" frame="0" z_index="2" m_a="1.000000" m_b="0.000000" m_c="0.000000" m_d="1.000000" m_tx="-0.374532" m_ty="4.868914"/>
   <element name="seed" layername="seed" frame="1" z_index="1" m_a="1.000000" m_b="0.000000" m_c="0.000000" m_d="1.000000" m_tx="-0.374532" m_ty="-26.217228"/>
  </frame>
  <frame idx="950" w="129" h="268" x="-2.920834" y="-65.459297">
   <element name="sehen" layername="sehen" frame="0" z_index="4" m_a="1.000000" m_b="0.000000" m_c="0.000000" m_d="1.000000" m_tx="0.079190" m_ty="6.130755"/>
   <element name="up" layername="up" frame="34" z_index="3" m_a="1.000000" m_b="0.000000" m_c="0.000000" m_d="1.000000" m_tx="-2.553189" m_ty="-38.222744"/>
   <element name="seed" layername="seed" frame="0" z_index="2" m_a="1.000000" m_b="0.000000" m_c="0.000000" m_d="1.000000" m_tx="-0.374532" m_ty="4.868914"/>
   <element name="seed" layername="seed" frame="1" z_index="1" m_a="1.000000" m_b="0.000000" m_c="0.000000" m_d="1.000000" m_tx="-0.374532" m_ty="-26.217228"/>
  </frame>
  <frame idx="975" w="129" h="268" x="-2.920834" y="-65.352997">
   <element name="sehen" layername="sehen" frame="0" z_index="4" m_a="1.000000" m_b="0.000000" m_c="0.000000" m_d="1.000000" m_tx="0.079190" m_ty="6.130755"/>
   <element name="up" layername="up" frame="35" z_index="3" m_a="1.000000" m_b="0.000000" m_c="0.000000" m_d="1.000000" m_tx="-2.476225" m_ty="-38.010151"/>
   <element name="seed" layername="seed" frame="0" z_index="2" m_a="1.000000" m_b="0.000000" m_c="0.000000" m_d="1.000000" m_tx="-0.374532" m_ty="4.868914"/>
   <element name="seed" layername="seed" frame="1" z_index="1" m_a="1.000000" m_b="0.000000" m_c="0.000000" m_d="1.000000" m_tx="-0.374532" m_ty="-26.217228"/>
  </frame>
 </anim>
</Anims>
